"code","iso","country","1990","1991","1992","1993","1994","1995","1996","1997","1998","1999","2000","2001","2002","2003","2004","2005","2006","2007","2008","2009","2010","2011","2012","2013","2014","2015","2016","2017","2018","2019","2020","2021","2022"
4,"AFG","Afghanistan",NA,NA,NA,NA,NA,NA,NA,NA,NA,NA,NA,NA,NA,NA,NA,NA,NA,NA,NA,NA,NA,NA,NA,NA,NA,NA,NA,NA,NA,NA,NA,NA,NA
8,"ALB","Albania",NA,NA,NA,NA,NA,NA,NA,NA,NA,NA,NA,NA,NA,NA,NA,NA,NA,NA,NA,NA,NA,NA,NA,NA,265439,NA,NA,NA,NA,NA,NA,NA,NA
12,"DZA","Algeria",NA,NA,NA,NA,NA,NA,NA,NA,NA,NA,NA,NA,NA,NA,NA,NA,NA,NA,NA,NA,NA,NA,NA,NA,481680.999755859,518216.003417969,NA,NA,NA,NA,NA,NA,NA
20,"AND","Andorra",NA,NA,NA,NA,NA,NA,NA,NA,NA,NA,0,0,0,0,0,0,0,0,0,0,0,0,0,0,0,0,0,0,0,0,0,0,NA
24,"AGO","Angola",NA,NA,NA,NA,NA,NA,NA,NA,NA,NA,NA,NA,NA,NA,NA,NA,NA,NA,NA,NA,NA,NA,NA,NA,NA,NA,NA,NA,NA,NA,NA,NA,NA
660,"AIA","Anguilla",NA,NA,NA,NA,NA,NA,NA,NA,NA,NA,NA,0,0,0,0,0,0,0,0,NA,NA,NA,NA,NA,NA,NA,NA,NA,NA,NA,NA,NA,NA
28,"ATG","Antigua and Barbuda",NA,NA,NA,NA,NA,NA,NA,NA,NA,NA,NA,NA,NA,NA,NA,NA,NA,NA,NA,NA,NA,NA,NA,NA,NA,NA,NA,NA,NA,NA,NA,NA,NA
32,"ARG","Argentina",NA,NA,NA,NA,NA,NA,NA,NA,NA,NA,NA,NA,NA,NA,NA,739500,NA,NA,NA,NA,821640,NA,NA,NA,NA,NA,NA,NA,NA,1073100,NA,NA,NA
51,"ARM","Armenia",NA,NA,NA,NA,NA,NA,NA,NA,NA,NA,NA,NA,NA,NA,NA,NA,NA,NA,NA,NA,NA,NA,NA,NA,NA,NA,NA,NA,NA,NA,NA,NA,NA
533,"ABW","Aruba",NA,NA,NA,NA,NA,NA,NA,NA,NA,NA,NA,NA,NA,NA,NA,NA,NA,NA,NA,NA,NA,NA,NA,NA,NA,NA,NA,NA,NA,NA,NA,NA,NA
36,"AUS","Australia",NA,NA,NA,NA,NA,NA,NA,NA,NA,NA,NA,NA,NA,2701000,NA,NA,NA,4004599,4019500,4312511,4381199,4532209,4313667,4234333,4188907,4143517,3502336,3094730,2830496,2820775,NA,NA,NA
40,"AUT","Austria",399000,511000,581000,640000,785000,820000,879000,941000,987000,1061000,1129000,1125000,1115000,1110000,1116000,1180000,1259000,1318000,1476000,1492000,1272000,1146000,1168000,1202000,1231000,1241000,1254000,1296000,1301000,1363000,3006000,NA,NA
31,"AZE","Azerbaijan",NA,NA,NA,NA,NA,NA,NA,NA,NA,NA,NA,NA,NA,NA,0,0,0,0,0,0,0,0,0,0,0,0,0,0,0,0,0,0,NA
44,"BHS","Bahamas",NA,NA,NA,NA,NA,NA,NA,NA,NA,NA,NA,NA,NA,NA,NA,NA,NA,NA,NA,NA,NA,NA,NA,NA,NA,NA,NA,NA,NA,NA,NA,NA,NA
48,"BHR","Bahrain",NA,NA,NA,NA,NA,NA,NA,NA,NA,NA,NA,NA,NA,NA,NA,NA,NA,NA,NA,NA,NA,NA,NA,NA,NA,NA,NA,18.7765,45.4669672719892,231336.916232639,341770.051,560136.537,NA
50,"BGD","Bangladesh",NA,NA,NA,NA,NA,NA,NA,NA,NA,NA,NA,NA,NA,NA,NA,401440.002441406,NA,NA,NA,567500,NA,NA,NA,NA,726260.009765625,NA,NA,NA,NA,32480,33060,33550,NA
52,"BRB","Barbados",NA,NA,NA,NA,NA,NA,NA,NA,NA,NA,NA,NA,NA,NA,NA,NA,NA,NA,NA,NA,NA,NA,NA,NA,NA,NA,NA,NA,NA,NA,NA,NA,NA
112,"BLR","Belarus",NA,NA,NA,NA,NA,NA,NA,NA,NA,NA,NA,NA,NA,NA,NA,NA,31700.0007629395,39400.0015258789,172899.993896484,288200.012207031,328399.993896484,344899.993896484,372799.987792969,441799.987792969,539799.987792969,582599.975585938,599500,653799.987792969,714299.987792969,784700,1018700,1233000,NA
56,"BEL","Belgium",203000,218000,260000,324000,431000,519000,655000,840000,1077000,1218000,1309000,1391000,1469000,1430000,1500000,1638000,1683000,1741000,1660000,1694000,1669000,1704000,1600000,1539000,1590000,1584000,1575000,1593000,1611000,1631000,2711000,2749000,NA
84,"BLZ","Belize",NA,NA,NA,NA,NA,NA,NA,NA,NA,NA,NA,NA,NA,NA,NA,NA,NA,NA,NA,NA,NA,NA,NA,NA,NA,NA,NA,NA,NA,NA,NA,NA,NA
204,"BEN","Benin",NA,NA,NA,NA,NA,NA,NA,NA,NA,NA,NA,NA,NA,NA,NA,NA,NA,NA,NA,NA,NA,NA,NA,NA,NA,NA,NA,NA,NA,NA,NA,NA,NA
60,"BMU","Bermuda",NA,NA,NA,NA,NA,NA,NA,NA,NA,NA,NA,NA,NA,NA,NA,NA,NA,NA,NA,NA,1580.00004291534,1600.00002384186,1600.00002384186,1600.00002384186,1600.00002384186,1600.00002384186,1600.00002384186,1000,1500,400,NA,NA,NA
64,"BTN","Bhutan",NA,NA,NA,NA,NA,NA,NA,NA,NA,NA,NA,NA,NA,NA,NA,NA,NA,NA,NA,NA,NA,NA,7507.74145126343,NA,NA,NA,NA,6199.20015335083,NA,NA,NA,NA,NA
68,"BOL","Bolivia",NA,NA,NA,NA,NA,NA,NA,NA,NA,NA,NA,NA,NA,NA,NA,NA,NA,NA,NA,NA,NA,NA,NA,NA,NA,NA,NA,NA,NA,NA,NA,NA,NA
70,"BIH","Bosnia and Herzegovina",NA,NA,NA,NA,NA,NA,NA,NA,NA,NA,NA,NA,NA,NA,NA,NA,NA,NA,NA,NA,NA,NA,NA,NA,NA,NA,NA,NA,NA,NA,NA,NA,NA
72,"BWA","Botswana",NA,NA,NA,NA,NA,NA,NA,NA,NA,NA,NA,NA,NA,NA,NA,NA,NA,NA,NA,NA,NA,NA,NA,1082.99899101257,NA,999.000012874603,NA,1508.081,NA,NA,NA,NA,NA
76,"BRA","Brazil",NA,NA,NA,NA,NA,NA,NA,NA,NA,NA,NA,NA,NA,NA,220706.7,320501.3,206540.5,273076.6,2400817.5,3535822.9,1185839.7,486543.7,518325.3,775562.8,937283,1023469.9,NA,NA,NA,NA,NA,NA,NA
92,"VGB","British Virgin Islands",NA,NA,NA,NA,NA,0,NA,NA,NA,0,0,0,0,0,0,0,NA,NA,NA,NA,NA,NA,NA,NA,NA,NA,NA,NA,NA,NA,NA,NA,NA
96,"BRN","Brunei Darussalam",NA,NA,NA,NA,NA,NA,NA,NA,NA,NA,NA,NA,NA,NA,NA,NA,NA,NA,NA,NA,NA,NA,NA,NA,NA,NA,NA,NA,NA,NA,NA,NA,NA
100,"BGR","Bulgaria",NA,NA,NA,NA,NA,0,0,0,776000,769000,775000,770000,770000,774000,793000,822000,839000,858000,871000,887000,1003000,895000,749000,787000,677000,573000,654000,827000,849000,827000,908000,NA,NA
854,"BFA","Burkina Faso",NA,NA,NA,NA,NA,NA,NA,NA,NA,NA,NA,NA,NA,NA,NA,NA,NA,NA,NA,NA,NA,NA,NA,NA,NA,NA,NA,NA,NA,NA,NA,NA,NA
108,"BDI","Burundi",NA,NA,NA,NA,NA,NA,NA,NA,NA,NA,NA,NA,NA,NA,NA,NA,NA,NA,NA,NA,NA,NA,NA,NA,NA,NA,NA,NA,NA,NA,NA,NA,NA
132,"CPV","Cabo Verde",NA,NA,NA,NA,NA,NA,NA,NA,NA,NA,NA,NA,NA,NA,NA,NA,NA,NA,NA,NA,NA,NA,0,0,NA,0,NA,NA,NA,NA,NA,NA,NA
116,"KHM","Cambodia",NA,NA,NA,NA,NA,NA,NA,NA,NA,NA,NA,NA,NA,NA,NA,NA,NA,NA,NA,NA,NA,NA,NA,NA,NA,NA,NA,NA,NA,NA,NA,NA,NA
120,"CMR","Cameroon",NA,NA,NA,NA,NA,NA,NA,NA,NA,NA,NA,NA,NA,NA,NA,NA,26871,40181,19859,26514,NA,NA,NA,NA,NA,NA,NA,NA,NA,NA,NA,NA,NA
124,"CAN","Canada",NA,NA,NA,NA,NA,NA,3218650,NA,5051060,NA,5158750,NA,5330760,NA,5593130,NA,5720570,NA,5978280,NA,5883635,NA,6011315,NA,6388303,NA,6679466,NA,6672269,NA,6750252,NA,NA
136,"CYM","Cayman Islands",NA,NA,NA,NA,NA,NA,NA,NA,NA,NA,NA,NA,NA,NA,NA,NA,NA,NA,NA,NA,NA,NA,NA,NA,NA,NA,NA,NA,NA,NA,NA,NA,NA
140,"CAF","Central African Republic",NA,NA,NA,NA,NA,NA,NA,NA,NA,NA,NA,NA,NA,NA,NA,NA,NA,NA,NA,NA,NA,NA,NA,NA,NA,NA,NA,NA,NA,NA,NA,NA,NA
148,"TCD","Chad",NA,NA,NA,NA,NA,NA,NA,NA,NA,NA,NA,NA,NA,NA,NA,NA,NA,NA,NA,NA,NA,NA,NA,NA,NA,NA,NA,NA,NA,NA,NA,NA,NA
152,"CHL","Chile",NA,NA,NA,NA,NA,NA,NA,NA,NA,NA,NA,NA,NA,NA,NA,NA,NA,NA,NA,NA,NA,NA,NA,NA,8770,22674,23166,109653,36522,NA,NA,NA,NA
156,"CHN","China",NA,NA,NA,NA,NA,NA,NA,NA,NA,NA,NA,NA,NA,NA,NA,NA,NA,NA,NA,NA,NA,NA,NA,NA,NA,NA,NA,NA,NA,NA,NA,NA,NA
170,"COL","Colombia",NA,NA,NA,NA,NA,NA,NA,NA,NA,NA,NA,NA,NA,NA,NA,NA,NA,NA,NA,NA,NA,NA,1570971.90720805,1692718.72265625,2190859.78056816,2095360.35281302,1902749.19441654,NA,NA,NA,NA,NA,NA
174,"COM","Comoros",NA,NA,NA,NA,NA,NA,NA,NA,NA,NA,NA,NA,NA,NA,NA,NA,NA,NA,NA,NA,NA,NA,NA,NA,NA,NA,NA,NA,NA,NA,NA,NA,NA
184,"COK","Cook Islands",NA,NA,NA,NA,NA,NA,NA,NA,NA,NA,NA,NA,NA,NA,NA,NA,NA,NA,NA,NA,NA,NA,NA,NA,NA,NA,NA,NA,NA,NA,NA,NA,NA
188,"CRI","Costa Rica",NA,NA,NA,NA,NA,NA,NA,NA,NA,NA,NA,NA,NA,NA,NA,NA,NA,NA,NA,NA,NA,NA,NA,NA,NA,17600,40000,100200,53500,39800,45510,63900,NA
384,"CIV","Cote d'Ivoire",NA,NA,NA,NA,NA,NA,NA,NA,NA,NA,NA,NA,NA,NA,NA,NA,NA,NA,NA,NA,NA,NA,NA,NA,NA,NA,NA,NA,NA,NA,NA,NA,NA
191,"HRV","Croatia",NA,NA,NA,NA,NA,NA,NA,NA,NA,NA,NA,NA,NA,NA,0,0,0,39400,34580,28330,53430,123040,219500,228000,236000,270000,322000,366000,398000,484000,412000,467000,NA
192,"CUB","Cuba",NA,NA,NA,NA,NA,NA,NA,NA,NA,NA,NA,NA,273399.993896484,234899.993896484,258000,212000,297700.012207031,311200.012207031,338100.006103516,208000,203559.997558594,198899.993896484,197800.003051758,189500,176699.996948242,177199.996948242,364399.993896484,323500,291100,195800,NA,NA,NA
531,"CUW","Curacao",NA,NA,NA,NA,NA,NA,NA,NA,NA,NA,NA,NA,NA,NA,NA,NA,NA,NA,NA,NA,18468,14728,29797,11729,53110,80357,21137,14193,NA,NA,NA,NA,NA
196,"CYP","Cyprus",NA,NA,NA,NA,NA,NA,NA,NA,NA,NA,NA,NA,NA,NA,NA,NA,NA,NA,NA,NA,25739,NA,0,NA,0,NA,0,NA,0,NA,0,NA,NA
203,"CZE","Czech Republic",NA,NA,NA,NA,NA,0,0,0,17000,18000,19000,15000,16000,16000,138000,166000,201000,276000,280000,353000,452000,496000,665000,686000,736000,851000,958000,1134000,1156000,1175000,1603000,1835000,NA
180,"COD","Dem. Rep. Congo",NA,NA,NA,NA,NA,NA,NA,NA,NA,NA,NA,NA,NA,NA,NA,NA,NA,NA,NA,NA,NA,NA,NA,NA,NA,NA,NA,NA,NA,NA,NA,NA,NA
208,"DNK","Denmark",NA,NA,NA,203000,479000,391000,8e+05,662000,710000,820000,755000,787000,796000,926000,934000,977000,977000,1149000,1559000,1310000,1310000,1364000,1215000,1247000,1275000,1356000,1421000,1362000,1525000,1646000,1214000,536000,NA
262,"DJI","Djibouti",NA,NA,NA,NA,NA,NA,NA,NA,NA,NA,NA,NA,NA,NA,NA,NA,NA,NA,NA,NA,NA,NA,NA,NA,NA,NA,NA,NA,NA,NA,NA,NA,NA
212,"DMA","Dominica",NA,NA,NA,NA,NA,NA,NA,NA,NA,NA,NA,NA,NA,NA,NA,NA,NA,NA,NA,NA,NA,NA,NA,NA,NA,NA,NA,NA,NA,NA,NA,NA,NA
214,"DOM","Dominican Republic",NA,NA,NA,NA,NA,NA,NA,NA,NA,NA,NA,NA,NA,NA,NA,NA,NA,NA,NA,NA,NA,NA,NA,NA,NA,NA,NA,NA,NA,NA,NA,NA,NA
218,"ECU","Ecuador",NA,NA,NA,NA,NA,NA,NA,NA,NA,NA,NA,NA,NA,NA,NA,NA,NA,NA,NA,NA,NA,42622.0016479492,49076.9996643066,NA,NA,NA,NA,NA,NA,NA,NA,NA,NA
818,"EGY","Egypt",NA,NA,NA,NA,NA,NA,NA,NA,NA,NA,NA,NA,NA,3103229.98046875,NA,NA,NA,NA,NA,1976000,2004000,NA,1995000,NA,NA,NA,NA,NA,NA,NA,NA,NA,NA
222,"SLV","El Salvador",NA,NA,NA,NA,NA,NA,NA,NA,NA,NA,NA,NA,NA,NA,NA,NA,NA,NA,NA,NA,NA,NA,NA,NA,NA,NA,NA,NA,NA,NA,NA,NA,NA
226,"GNQ","Equatorial Guinea",NA,NA,NA,NA,NA,NA,NA,NA,NA,NA,NA,NA,NA,NA,NA,NA,NA,NA,NA,NA,NA,NA,NA,NA,NA,NA,NA,NA,NA,NA,NA,NA,NA
232,"ERI","Eritrea",NA,NA,NA,NA,NA,NA,NA,NA,NA,NA,NA,NA,NA,NA,NA,NA,NA,NA,NA,NA,NA,NA,NA,NA,NA,NA,NA,NA,NA,NA,NA,NA,NA
233,"EST","Estonia",NA,NA,NA,NA,NA,0,0,0,0,0,13000,15000,11000,77000,142000,121000,70000,122000,78000,52000,41000,58000,52000,49000,125000,117000,125000,127000,130000,139000,133000,142000,NA
748,"SWZ","Eswatini",NA,NA,NA,NA,NA,NA,NA,NA,NA,NA,NA,NA,NA,NA,NA,NA,NA,NA,NA,NA,NA,NA,NA,NA,NA,NA,NA,NA,NA,NA,NA,NA,NA
231,"ETH","Ethiopia",NA,NA,NA,NA,NA,NA,NA,NA,NA,NA,NA,NA,NA,NA,NA,NA,NA,NA,NA,NA,NA,NA,NA,NA,NA,NA,NA,NA,NA,NA,NA,NA,NA
234,"FRO","Faeroe Islands",NA,NA,NA,NA,NA,NA,NA,NA,NA,NA,NA,NA,NA,NA,NA,NA,NA,NA,NA,NA,NA,NA,NA,NA,NA,NA,NA,NA,NA,NA,NA,NA,NA
238,"FLK","Falkland Islands",NA,NA,NA,NA,NA,NA,NA,NA,NA,NA,NA,NA,NA,NA,NA,NA,NA,NA,NA,NA,NA,NA,NA,NA,NA,NA,NA,NA,NA,NA,NA,NA,NA
242,"FJI","Fiji",NA,NA,NA,NA,NA,NA,NA,NA,NA,NA,NA,NA,NA,NA,NA,NA,NA,NA,NA,NA,NA,NA,NA,NA,NA,NA,NA,NA,NA,NA,NA,NA,NA
246,"FIN","Finland",NA,NA,NA,NA,7e+05,549000,547000,599000,625000,651000,677000,628000,621000,632000,639000,652000,677000,695000,715000,615000,495000,592000,589000,510000,474000,770000,808000,771000,886000,916000,977000,831000,NA
250,"FRA","France",NA,NA,NA,1927000,NA,2481000,2653000,3048000,3523000,3822000,4045000,4410000,4715000,4725000,4970000,5533000,5806000,6079000,6385000,6688000,6937000,7184000,7293000,7402000,7605000,7808000,7992000,8182000,7960000,8168000,8495000,9626000,NA
258,"PYF","French Polynesia",NA,NA,NA,NA,NA,NA,NA,NA,NA,NA,NA,NA,NA,NA,NA,NA,NA,NA,NA,NA,NA,9634,5468.5,1303,776.5,250,NA,NA,NA,NA,NA,NA,NA
266,"GAB","Gabon",NA,NA,NA,NA,NA,NA,NA,NA,NA,NA,NA,NA,NA,NA,NA,NA,NA,NA,NA,NA,NA,NA,NA,NA,NA,NA,NA,NA,NA,NA,NA,NA,NA
270,"GMB","Gambia",NA,NA,NA,NA,NA,NA,NA,NA,NA,NA,NA,NA,NA,NA,NA,NA,NA,NA,NA,NA,NA,NA,NA,NA,NA,NA,NA,NA,NA,NA,NA,NA,NA
268,"GEO","Georgia",NA,NA,NA,NA,NA,NA,NA,NA,NA,NA,NA,NA,NA,NA,NA,NA,NA,NA,NA,NA,NA,NA,NA,NA,NA,NA,NA,NA,NA,NA,NA,NA,NA
276,"DEU","Germany",NA,NA,NA,8628000,NA,13384000,15043000,16433000,16528000,19898000,20144000,19632000,22015000,21425000,19587000,20734000,21195000,22555000,22752000,22204000,22476000,23135000,23596000,23094000,24302000,25155000,25435000,25355000,24704000,24293000,24910000,25047000,NA
288,"GHA","Ghana",15077.7393816293,NA,NA,NA,NA,21904.2489664886,23939.4394030706,26065.6524700535,27771.950181747,30077.022046832,33133.962408,34595.7223828996,54168.3941067725,55630.9407476554,58054.4757631299,68139.3675528393,71072.5543904654,77483.2987964854,84188.4115082798,90014.7108910172,99392.194571985,169794.999060474,174039.874036986,178390.870887911,182850.642660109,195751.771336683,200645.5656201,205661.704760602,NA,NA,NA,NA,NA
300,"GRC","Greece",178700,NA,225900,NA,NA,NA,NA,328000,331000,346000,359000,370000,375000,382000,481000,543000,551000,905000,797000,936000,872000,832000,747000,647000,652000,698000,743000,798000,829000,898000,182259,NA,NA
304,"GRL","Greenland",NA,NA,NA,NA,NA,NA,NA,NA,NA,NA,NA,NA,NA,NA,NA,NA,NA,NA,NA,NA,NA,NA,NA,NA,NA,NA,NA,NA,NA,NA,NA,NA,NA
308,"GRD","Grenada",NA,NA,NA,NA,NA,NA,NA,NA,NA,NA,NA,NA,NA,NA,NA,NA,NA,NA,NA,NA,NA,NA,NA,NA,NA,NA,NA,NA,NA,NA,NA,NA,NA
320,"GTM","Guatemala",NA,NA,NA,NA,NA,NA,NA,NA,NA,NA,NA,12600.0003814697,11899.9996185303,10800.0001907349,13800.0001907349,13199.9998092651,15399.9996185303,NA,NA,NA,NA,NA,NA,NA,NA,NA,NA,NA,NA,NA,NA,NA,NA
831,"GGY","Guernsey",NA,NA,NA,NA,NA,NA,NA,NA,NA,NA,NA,NA,NA,NA,NA,NA,NA,NA,NA,NA,NA,NA,NA,NA,NA,NA,NA,NA,NA,NA,NA,NA,NA
324,"GIN","Guinea",NA,NA,NA,NA,NA,NA,NA,NA,NA,NA,NA,NA,NA,NA,NA,NA,NA,NA,NA,NA,NA,NA,NA,NA,NA,NA,NA,NA,NA,NA,NA,NA,NA
624,"GNB","Guinea-Bissau",NA,NA,NA,NA,NA,NA,NA,NA,NA,NA,NA,NA,NA,NA,NA,NA,NA,NA,NA,NA,NA,NA,NA,NA,NA,NA,NA,NA,NA,NA,NA,NA,NA
328,"GUY","Guyana",NA,NA,NA,NA,NA,NA,NA,NA,NA,NA,NA,NA,NA,NA,NA,NA,NA,NA,NA,NA,NA,NA,NA,NA,NA,NA,NA,NA,NA,NA,NA,NA,NA
332,"HTI","Haiti",NA,NA,NA,NA,NA,NA,NA,NA,NA,NA,NA,NA,NA,NA,NA,NA,NA,NA,NA,NA,NA,NA,NA,NA,NA,NA,NA,NA,NA,NA,NA,NA,NA
336,"VAT","Holy See",NA,NA,NA,NA,NA,NA,NA,NA,NA,NA,NA,NA,NA,NA,NA,NA,NA,NA,NA,NA,NA,NA,NA,NA,NA,NA,NA,NA,NA,NA,NA,NA,NA
340,"HND","Honduras",NA,NA,NA,NA,NA,NA,NA,NA,NA,NA,NA,NA,NA,NA,NA,NA,NA,NA,NA,NA,NA,NA,NA,NA,NA,NA,NA,NA,NA,NA,NA,NA,NA
344,"HKG","Hong Kong",NA,NA,NA,NA,NA,NA,NA,NA,NA,NA,NA,NA,NA,NA,NA,NA,NA,NA,NA,NA,NA,NA,NA,NA,NA,NA,NA,NA,NA,NA,NA,NA,NA
348,"HUN","Hungary",0,NA,NA,NA,0,59000,60000,62000,62000,61000,56000,57000,67000,117000,501000,403000,432000,490000,607000,576000,641000,654000,832000,799000,923000,963000,998000,1010000,1085000,1005000,873000,1029000,NA
352,"ISL","Iceland",NA,NA,NA,NA,NA,7000,9000,8000,11000,14000,17000,18000,19000,20000,23000,NA,NA,NA,36000,21000,24000,32000,39000,42000,37000,40000,56000,43000,51000,NA,40000,NA,NA
356,"IND","India",NA,NA,NA,NA,NA,NA,NA,NA,NA,NA,NA,NA,NA,NA,NA,NA,NA,NA,NA,NA,NA,NA,NA,NA,NA,NA,NA,NA,NA,NA,NA,NA,NA
360,"IDN","Indonesia",NA,NA,NA,NA,NA,NA,NA,NA,NA,NA,NA,NA,NA,NA,NA,NA,NA,NA,NA,NA,NA,NA,NA,NA,NA,NA,NA,NA,NA,NA,NA,NA,NA
364,"IRN","Iran",NA,NA,NA,NA,NA,NA,NA,NA,NA,NA,NA,NA,NA,NA,NA,NA,NA,NA,NA,NA,NA,NA,NA,NA,NA,NA,NA,NA,NA,NA,NA,NA,NA
368,"IRQ","Iraq",NA,NA,NA,NA,NA,NA,NA,NA,NA,NA,NA,NA,NA,NA,NA,NA,NA,NA,NA,NA,NA,NA,NA,NA,NA,NA,NA,NA,NA,NA,NA,NA,NA
372,"IRL","Ireland",NA,NA,NA,NA,NA,124000,130000,150000,161000,205000,254000,284000,463000,650000,835000,898000,1064000,1081000,977000,902000,910000,861000,829000,828500,863000,863170,935000,872000,851000,858000,948000,NA,NA
833,"IMN","Isle of Man",NA,NA,NA,NA,NA,NA,NA,NA,NA,NA,NA,NA,NA,NA,NA,NA,NA,NA,NA,NA,NA,NA,NA,NA,NA,NA,NA,NA,NA,NA,NA,NA,NA
376,"ISR","Israel",NA,NA,NA,NA,NA,NA,NA,NA,NA,NA,NA,NA,NA,NA,NA,NA,NA,NA,NA,NA,NA,NA,NA,353621,379852,368307,368982,393589,389112,394005,391780,441283,NA
380,"ITA","Italy",NA,NA,NA,NA,NA,930000,1199000,1874000,2235000,2595000,2888000,3513000,2727000,3108000,3509000,3683000,3813000,5536000,4631000,6042000,6107000,7149000,7177000,7335000,7472000,7864000,8093000,8218000,8675000,9048000,8004000,NA,NA
388,"JAM","Jamaica",NA,NA,NA,NA,NA,NA,NA,NA,NA,NA,NA,NA,NA,NA,NA,NA,NA,NA,NA,NA,NA,NA,NA,NA,NA,NA,NA,NA,NA,NA,NA,NA,NA
392,"JPN","Japan",2668870,3100000,3727750,4115380,4701000,5100000,5465000,5860000,6491000,7032000,7860000,8247000,8638000,9157000,9400000,10026000,10204000,10304000,9776000,9502000,9446000,9156000,9127000,9117000,8972000,8843000,8619000,8495000,8360000,8236000,8155000,NA,NA
832,"JEY","Jersey",NA,NA,NA,NA,NA,NA,NA,NA,NA,NA,NA,NA,NA,NA,NA,NA,NA,NA,NA,NA,NA,NA,NA,NA,NA,NA,NA,NA,NA,NA,NA,NA,NA
400,"JOR","Jordan",NA,NA,NA,NA,NA,NA,NA,NA,NA,NA,NA,NA,NA,NA,NA,NA,NA,NA,NA,NA,NA,NA,NA,NA,NA,NA,NA,NA,NA,NA,NA,NA,NA
398,"KAZ","Kazakhstan",NA,NA,NA,NA,NA,NA,NA,NA,NA,NA,NA,NA,NA,NA,NA,8500,13399.9996185303,22299.9992370605,101300.003051758,151199.996948242,71099.9984741211,64300.0030517578,136500,16000,383000,372500,346100.006103516,442700.012207031,427100.006103516,408700.012207031,822500,636600,NA
404,"KEN","Kenya",NA,NA,NA,NA,NA,NA,NA,NA,NA,NA,NA,NA,NA,NA,NA,NA,NA,NA,NA,NA,NA,NA,NA,NA,NA,NA,NA,NA,NA,NA,NA,NA,NA
296,"KIR","Kiribati",NA,NA,NA,NA,NA,NA,NA,NA,NA,NA,NA,NA,NA,NA,NA,NA,NA,NA,NA,NA,NA,NA,NA,NA,NA,NA,NA,NA,NA,NA,NA,NA,NA
689,"XKX","Kosovo",NA,NA,NA,NA,NA,NA,NA,NA,NA,NA,NA,NA,NA,NA,NA,NA,NA,NA,NA,NA,NA,NA,NA,NA,NA,NA,0,NA,NA,NA,220,NA,NA
414,"KWT","Kuwait",NA,NA,NA,NA,NA,NA,NA,NA,NA,NA,NA,NA,NA,NA,7000,314000,1075000,2648000,2668000,2286000,2504000,2260000,2569000,2030000,992000,1778852,1518061,1341884,1418001,3744424,2440000,1786000,NA
417,"KGZ","Kyrgyzstan",NA,NA,NA,NA,NA,NA,NA,NA,NA,NA,NA,NA,NA,NA,NA,NA,NA,NA,NA,NA,NA,NA,NA,NA,NA,NA,NA,NA,NA,NA,NA,NA,NA
418,"LAO","Laos",NA,NA,NA,NA,NA,NA,NA,NA,NA,NA,NA,NA,NA,NA,NA,NA,NA,NA,NA,NA,NA,NA,NA,NA,NA,NA,NA,NA,NA,NA,NA,NA,NA
428,"LVA","Latvia",NA,NA,NA,NA,NA,0,0,0,0,0,0,0,3000,14000,25000,26000,29000,38000,43000,56000,60000,62000,84000,142000,170000,182000,121000,141000,150000,302000,294000,314000,NA
422,"LBN","Lebanon",NA,NA,NA,NA,NA,NA,NA,NA,NA,NA,NA,48000,NA,NA,111000,NA,NA,NA,NA,133000,NA,NA,155000,NA,NA,NA,NA,NA,NA,NA,NA,NA,NA
426,"LSO","Lesotho",NA,NA,NA,NA,NA,NA,NA,NA,NA,NA,NA,NA,NA,NA,NA,NA,NA,NA,NA,NA,NA,NA,NA,NA,NA,NA,NA,NA,NA,NA,NA,NA,NA
430,"LBR","Liberia",NA,NA,NA,NA,NA,NA,NA,NA,NA,NA,NA,NA,NA,NA,NA,NA,NA,NA,NA,NA,NA,NA,NA,NA,NA,NA,NA,NA,NA,NA,NA,NA,NA
434,"LBY","Libya",NA,NA,NA,NA,NA,NA,NA,NA,NA,NA,NA,NA,NA,NA,NA,NA,NA,NA,NA,NA,NA,NA,NA,NA,NA,NA,NA,NA,NA,NA,NA,NA,NA
438,"LIE","Liechtenstein",NA,NA,NA,NA,NA,NA,NA,NA,NA,NA,0,0,0,0,0,0,0,0,0,0,0,0,0,0,0,0,0,0,0,0,0,0,NA
440,"LTU","Lithuania",NA,NA,NA,NA,NA,0,0,0,0,0,0,0,0,0,14000,14000,14000,80000,101000,87000,43000,244000,261000,261000,268000,298000,312000,311000,315000,363000,329000,354000,NA
442,"LUX","Luxembourg",NA,NA,NA,NA,NA,31000,37000,46000,52000,52000,62000,66000,66000,71000,72000,80000,84000,86000,89000,89000,93000,98000,96000,95000,99000,101000,136000,141000,145000,146000,146000,152000,NA
446,"MAC","Macao",NA,NA,NA,NA,NA,NA,NA,NA,NA,NA,NA,NA,NA,NA,NA,NA,NA,NA,NA,NA,NA,NA,NA,NA,NA,NA,NA,NA,NA,NA,NA,NA,NA
450,"MDG","Madagascar",NA,NA,NA,NA,NA,NA,NA,NA,NA,NA,NA,NA,NA,NA,0,NA,NA,0,NA,NA,NA,NA,NA,NA,NA,NA,NA,NA,NA,NA,NA,NA,NA
454,"MWI","Malawi",NA,NA,NA,NA,NA,NA,NA,NA,NA,NA,NA,NA,NA,NA,NA,NA,NA,NA,NA,NA,NA,NA,NA,NA,NA,NA,NA,NA,NA,NA,NA,NA,NA
458,"MYS","Malaysia",NA,NA,NA,NA,NA,NA,NA,NA,NA,NA,318861.938476562,336325.256347656,354744.995117188,374173.553466797,394666.168212891,416281.097412109,439079.833984375,463127.197265625,488491.607666016,515245.1171875,543463.8671875,573228.149414062,1323239.99023438,1580589.96582031,1649074.48,2048168.12,2369781.05,2865071,3362327.98,3880732.21,NA,NA,NA
462,"MDV","Maldives",NA,NA,NA,NA,NA,NA,NA,NA,NA,NA,NA,NA,NA,NA,NA,NA,NA,NA,NA,NA,NA,NA,NA,NA,NA,NA,NA,NA,NA,NA,NA,NA,NA
466,"MLI","Mali",NA,NA,NA,NA,NA,NA,NA,NA,NA,NA,NA,NA,NA,NA,NA,NA,NA,NA,NA,NA,NA,NA,NA,NA,NA,NA,NA,NA,NA,NA,NA,NA,NA
470,"MLT","Malta",NA,NA,NA,NA,NA,NA,NA,NA,NA,NA,NA,NA,NA,NA,NA,NA,NA,NA,NA,NA,0,NA,0,NA,0,NA,0,NA,0,NA,0,NA,NA
584,"MHL","Marshall Islands",NA,NA,NA,NA,NA,NA,NA,NA,NA,NA,NA,NA,NA,NA,NA,NA,NA,8000,NA,NA,NA,NA,NA,NA,NA,NA,NA,NA,NA,NA,NA,NA,NA
478,"MRT","Mauritania",NA,NA,NA,NA,NA,NA,NA,NA,NA,NA,NA,NA,NA,NA,NA,NA,NA,NA,NA,NA,NA,NA,NA,NA,NA,NA,NA,NA,NA,NA,NA,NA,NA
480,"MUS","Mauritius",NA,NA,NA,NA,NA,NA,NA,NA,NA,NA,NA,NA,NA,NA,NA,NA,NA,8800.00019073486,9000,12000,NA,NA,NA,NA,NA,NA,NA,NA,NA,15900,9500,13900,NA
484,"MEX","Mexico",NA,143730,517500,662000,694600,719000,753200,689800,720000,729400,724300,742100,780470,820500,895000,1150000,1176000,1202200,1346800,1500000,1695000,1980000,2100000,NA,NA,NA,NA,NA,NA,NA,NA,NA,NA
583,"FSM","Micronesia",NA,NA,NA,NA,NA,NA,NA,NA,NA,NA,NA,NA,NA,NA,NA,NA,NA,NA,NA,NA,NA,NA,NA,NA,NA,NA,NA,NA,NA,NA,NA,NA,NA
498,"MDA","Moldova",NA,NA,NA,NA,NA,NA,NA,NA,NA,NA,NA,NA,NA,NA,NA,NA,NA,NA,NA,NA,NA,NA,NA,NA,NA,NA,NA,NA,NA,NA,25400,34500,NA
492,"MCO","Monaco",NA,NA,NA,NA,NA,0,0,0,0,0,0,0,0,0,0,0,0,0,0,0,0,0,0,0,0,0,NA,NA,NA,NA,NA,NA,NA
496,"MNG","Mongolia",NA,NA,NA,NA,NA,NA,NA,NA,NA,NA,NA,NA,NA,NA,NA,NA,NA,NA,NA,NA,NA,NA,NA,NA,NA,NA,NA,NA,NA,NA,NA,NA,NA
499,"MNE","Montenegro",NA,NA,NA,NA,NA,NA,NA,NA,NA,NA,NA,NA,NA,NA,NA,NA,NA,NA,NA,NA,NA,NA,1565,NA,2003,NA,3555,NA,5200,NA,2700,NA,NA
504,"MAR","Morocco",NA,NA,NA,NA,NA,NA,NA,NA,NA,107699.996948242,130000,NA,NA,NA,NA,NA,NA,NA,NA,NA,5e+05,5e+05,NA,NA,566796,581711.5,NA,NA,NA,NA,NA,NA,NA
508,"MOZ","Mozambique",NA,NA,NA,NA,NA,NA,NA,NA,NA,NA,NA,NA,NA,NA,NA,NA,NA,NA,NA,NA,NA,NA,NA,NA,NA,NA,NA,NA,NA,NA,NA,NA,NA
104,"MMR","Myanmar",NA,NA,NA,NA,NA,NA,NA,NA,NA,NA,NA,NA,NA,NA,NA,NA,NA,NA,NA,NA,NA,NA,NA,NA,NA,NA,NA,NA,NA,NA,NA,NA,NA
516,"NAM","Namibia",NA,NA,NA,NA,NA,NA,NA,NA,NA,NA,NA,NA,NA,NA,NA,NA,NA,NA,NA,NA,NA,NA,NA,NA,NA,NA,NA,NA,NA,NA,NA,NA,NA
520,"NRU","Nauru",NA,NA,NA,NA,NA,NA,NA,NA,NA,NA,NA,NA,NA,NA,NA,NA,NA,NA,NA,NA,NA,NA,NA,NA,NA,NA,NA,NA,NA,NA,NA,NA,NA
524,"NPL","Nepal",NA,NA,NA,NA,NA,NA,NA,NA,NA,NA,NA,NA,NA,NA,NA,NA,NA,NA,NA,NA,NA,NA,256.356000900269,NA,NA,NA,NA,NA,NA,NA,NA,NA,NA
528,"NLD","Netherlands",NA,578000,NA,1225000,1253000,1295000,1437000,1604000,1710000,1822000,1899000,1917000,2022000,2039000,2183000,2142000,2247000,2388000,2450000,2384000,2354000,2291000,2196000,2112000,2112000,2176000,2291000,2327000,2395000,2441000,2584000,2519000,NA
540,"NCL","New Caledonia",NA,NA,NA,NA,NA,NA,NA,NA,NA,NA,NA,NA,NA,NA,NA,NA,NA,NA,NA,NA,NA,NA,NA,NA,NA,NA,NA,NA,NA,NA,NA,NA,NA
554,"NZL","New Zealand",NA,NA,NA,NA,NA,NA,NA,NA,NA,NA,NA,NA,NA,NA,NA,NA,NA,NA,NA,NA,NA,NA,NA,NA,NA,NA,NA,NA,NA,NA,NA,NA,NA
558,"NIC","Nicaragua",NA,NA,NA,NA,NA,NA,NA,NA,NA,NA,NA,NA,NA,NA,NA,NA,NA,NA,NA,NA,NA,NA,NA,NA,NA,NA,NA,NA,NA,NA,NA,NA,NA
562,"NER","Niger",NA,NA,NA,NA,NA,NA,NA,NA,NA,NA,274750,338750,348250,345000,361250,390000,NA,NA,NA,NA,NA,NA,NA,NA,NA,NA,NA,NA,NA,NA,NA,NA,NA
566,"NGA","Nigeria",NA,NA,NA,NA,NA,NA,NA,NA,NA,NA,NA,NA,NA,NA,NA,NA,NA,NA,NA,NA,NA,NA,NA,NA,NA,NA,NA,NA,NA,NA,NA,NA,NA
570,"NIU","Niue",NA,NA,NA,NA,NA,NA,NA,NA,NA,NA,NA,NA,NA,NA,NA,NA,NA,NA,NA,NA,NA,NA,NA,NA,NA,NA,NA,NA,NA,NA,NA,NA,NA
408,"PRK","North Korea",NA,NA,NA,NA,NA,NA,NA,NA,NA,NA,NA,NA,NA,NA,NA,NA,NA,NA,NA,NA,NA,NA,NA,NA,NA,NA,NA,NA,NA,NA,NA,NA,NA
807,"MKD","North Macedonia",NA,NA,NA,NA,NA,NA,NA,NA,NA,NA,NA,NA,NA,NA,NA,NA,NA,NA,NA,NA,0,NA,0,NA,0,NA,NA,NA,283670,NA,0,NA,NA
578,"NOR","Norway",1e+05,NA,176200,230000,265100,322000,467000,548000,482000,579000,606000,496000,560000,576000,475000,519000,574000,642000,670000,620000,609000,598000,620000,590000,567000,572000,1105000,1138000,1217000,1241000,1015000,1234000,NA
512,"OMN","Oman",NA,NA,NA,NA,NA,NA,NA,NA,NA,NA,NA,NA,NA,NA,NA,NA,NA,NA,NA,NA,NA,NA,NA,NA,NA,NA,NA,NA,NA,NA,NA,NA,NA
586,"PAK","Pakistan",NA,NA,NA,NA,NA,NA,NA,NA,NA,NA,NA,NA,NA,NA,NA,NA,NA,NA,NA,NA,NA,NA,NA,NA,NA,NA,NA,NA,NA,NA,NA,NA,NA
585,"PLW","Palau",NA,NA,NA,NA,NA,NA,NA,NA,NA,NA,NA,NA,NA,NA,NA,NA,NA,NA,NA,NA,NA,NA,NA,NA,NA,NA,NA,NA,NA,NA,NA,NA,NA
591,"PAN","Panama",NA,NA,NA,NA,NA,NA,NA,NA,NA,NA,NA,NA,NA,NA,NA,NA,NA,NA,NA,NA,NA,NA,NA,NA,NA,NA,NA,NA,NA,NA,NA,NA,NA
598,"PNG","Papua New Guinea",NA,NA,NA,NA,NA,NA,NA,NA,NA,NA,NA,NA,NA,NA,NA,NA,NA,NA,NA,NA,NA,NA,NA,NA,NA,NA,NA,NA,NA,NA,NA,NA,NA
600,"PRY","Paraguay",NA,NA,NA,NA,NA,NA,NA,NA,NA,NA,NA,NA,NA,NA,NA,NA,NA,NA,NA,NA,NA,NA,NA,NA,NA,NA,NA,NA,NA,NA,NA,NA,NA
604,"PER","Peru",NA,NA,NA,NA,NA,NA,NA,NA,NA,NA,NA,NA,NA,NA,NA,NA,NA,NA,NA,NA,NA,NA,NA,NA,17188.8993125679,21632.1608916083,23475.4113264442,45003.801,50170.5,56888.2004915115,24846.78995,80250.75594,NA
608,"PHL","Philippines",NA,NA,NA,NA,NA,NA,NA,NA,NA,NA,NA,NA,NA,NA,NA,NA,NA,NA,NA,NA,NA,NA,NA,NA,NA,NA,NA,NA,NA,NA,NA,NA,NA
616,"POL","Poland",NA,NA,NA,NA,NA,0,0,0,13000,18000,13000,147000,116000,145000,243000,367000,487000,580000,895000,1421000,1783000,1173000,1244000,1499000,2180000,2867000,3243000,3199000,3269000,3192000,3499000,3681000,NA
620,"PRT","Portugal",NA,NA,NA,NA,NA,40000,54000,67000,82000,109000,157000,190000,213000,227000,320000,406000,475000,528000,567000,648000,619000,595000,549000,594000,765000,678000,699000,604000,638000,643000,673000,726000,NA
634,"QAT","Qatar",NA,NA,NA,NA,NA,NA,NA,NA,NA,NA,NA,NA,NA,NA,NA,NA,NA,NA,NA,NA,13741,9928,6632,16450,17514,69748,53384,42100,77600,18300,NA,NA,NA
178,"COG","Republic of Congo",NA,NA,NA,NA,NA,NA,NA,NA,NA,NA,NA,NA,NA,NA,NA,NA,NA,NA,NA,NA,NA,NA,NA,NA,NA,NA,NA,NA,NA,NA,NA,NA,NA
642,"ROU","Romania",NA,NA,NA,NA,NA,0,0,0,0,0,0,123000,170000,17000,83000,145000,41000,34000,72000,78000,162000,173000,165000,215000,256000,284000,337000,393000,406000,384000,310000,384000,NA
643,"RUS","Russia",NA,NA,NA,NA,NA,NA,NA,NA,NA,NA,NA,NA,NA,NA,NA,NA,NA,NA,NA,NA,NA,NA,NA,NA,NA,NA,NA,NA,NA,NA,NA,NA,NA
646,"RWA","Rwanda",NA,NA,NA,NA,NA,NA,NA,NA,NA,NA,NA,NA,NA,NA,NA,NA,NA,NA,NA,NA,NA,NA,NA,NA,NA,NA,NA,NA,NA,NA,NA,NA,NA
652,"BLM","Saint Barthelemy",NA,NA,NA,NA,NA,NA,NA,NA,NA,NA,NA,NA,NA,NA,NA,NA,NA,NA,NA,NA,NA,NA,NA,NA,NA,NA,NA,NA,NA,NA,NA,NA,NA
659,"KNA","Saint Kitts and Nevis",NA,NA,NA,NA,NA,NA,NA,NA,NA,NA,NA,NA,NA,NA,NA,NA,NA,NA,NA,NA,NA,NA,NA,NA,NA,NA,NA,NA,NA,NA,NA,NA,NA
662,"LCA","Saint Lucia",NA,NA,NA,NA,NA,NA,NA,NA,NA,NA,NA,NA,NA,NA,NA,NA,NA,NA,NA,NA,NA,NA,NA,NA,NA,NA,NA,NA,NA,NA,NA,NA,NA
670,"VCT","Saint Vincent and the Grenadines",NA,NA,NA,NA,NA,NA,NA,NA,NA,NA,NA,NA,5700,NA,NA,NA,NA,NA,NA,NA,NA,NA,NA,NA,NA,NA,NA,NA,NA,NA,NA,NA,NA
882,"WSM","Samoa",NA,NA,NA,NA,NA,NA,NA,NA,NA,NA,NA,NA,NA,NA,NA,NA,NA,NA,NA,NA,NA,NA,NA,NA,NA,70.0000002980232,542,863,NA,NA,NA,NA,NA
674,"SMR","San Marino",NA,NA,NA,NA,NA,NA,NA,NA,NA,NA,NA,NA,NA,NA,NA,NA,NA,NA,NA,NA,NA,NA,NA,NA,NA,NA,NA,NA,NA,NA,NA,NA,NA
678,"STP","Sao Tome and Principe",NA,NA,NA,NA,NA,NA,NA,NA,NA,NA,NA,NA,NA,NA,NA,NA,NA,NA,NA,NA,NA,NA,NA,NA,NA,NA,NA,NA,NA,NA,NA,NA,NA
682,"SAU","Saudi Arabia",NA,NA,NA,NA,NA,NA,NA,NA,NA,NA,NA,NA,NA,NA,NA,NA,NA,NA,NA,NA,NA,NA,NA,NA,NA,NA,NA,NA,NA,NA,NA,NA,NA
686,"SEN","Senegal",NA,NA,NA,NA,NA,NA,NA,NA,NA,NA,NA,NA,NA,NA,NA,NA,NA,NA,NA,NA,NA,NA,NA,NA,NA,488583.709716797,NA,NA,NA,NA,NA,NA,NA
688,"SRB","Serbia",NA,NA,NA,NA,NA,NA,NA,NA,NA,NA,NA,NA,NA,NA,NA,NA,NA,NA,NA,NA,0,NA,0,NA,0,NA,25,NA,0,NA,0,NA,NA
690,"SYC","Seychelles",NA,NA,NA,NA,NA,NA,NA,NA,NA,NA,NA,NA,NA,NA,NA,NA,NA,NA,NA,NA,NA,NA,NA,NA,NA,NA,NA,NA,NA,NA,NA,NA,NA
694,"SLE","Sierra Leone",NA,NA,NA,NA,NA,NA,NA,NA,NA,NA,NA,NA,NA,NA,NA,NA,NA,NA,NA,NA,NA,NA,NA,NA,NA,NA,NA,NA,NA,NA,NA,NA,NA
702,"SGP","Singapore",NA,NA,NA,NA,NA,NA,NA,NA,NA,NA,1857300.04882812,2233199.95117188,2183399.90234375,2223199.95117188,2307100.09765625,2469399.90234375,2656899.90234375,2980100.09765625,3296100.09765625,3446199.95117188,3707000,3999800.04882812,4289799.8046875,4825700.1953125,4471299.8046875,4649700.1953125,4769000,4724000,4726000,4247000,3040000,3826000,NA
534,"SXM","Sint Maarten",NA,NA,NA,NA,NA,NA,NA,NA,NA,NA,NA,NA,NA,NA,NA,NA,NA,NA,NA,NA,NA,NA,NA,NA,NA,NA,NA,NA,NA,NA,NA,NA,NA
703,"SVK","Slovakia",NA,NA,NA,NA,NA,24000,22000,35000,28000,28000,34000,36000,34000,47000,46000,14000,14000,39000,60000,72000,98000,113000,141000,108000,88000,136000,291000,433000,603000,616000,810000,901000,NA
705,"SVN","Slovenia",NA,NA,NA,NA,NA,21000,54000,54000,90000,50000,47000,14000,62000,92000,183000,169000,145000,217000,190000,189000,203000,258000,270000,239000,259000,430000,380000,412000,429000,447000,460000,493000,NA
90,"SLB","Solomon Islands",NA,NA,NA,NA,NA,NA,NA,NA,NA,NA,NA,NA,NA,NA,NA,NA,NA,NA,NA,NA,NA,NA,NA,NA,NA,NA,NA,NA,NA,NA,NA,NA,NA
706,"SOM","Somalia",NA,NA,NA,NA,NA,NA,NA,NA,NA,NA,NA,NA,NA,NA,NA,NA,NA,NA,NA,NA,NA,NA,NA,NA,NA,NA,NA,NA,NA,NA,NA,NA,NA
710,"ZAF","South Africa",NA,NA,NA,NA,NA,NA,NA,NA,NA,NA,NA,NA,NA,NA,NA,260566.009521484,520843.627929688,NA,NA,NA,NA,NA,NA,NA,NA,NA,NA,NA,44307137.8700001,41422088.69,34243583.86,14197056.18,NA
410,"KOR","South Korea",1423500,2476890,2157880,2640050,3258360,4012000,4775660,5076060,5682000,6348810,6996000,7636530,8011000,8372370,8975000,9944000,NA,NA,11096000,11112000,10753000,10412000,10436000,10432000,10586000,10927000,11615000,11828961,12592692,11957850,12728782,NA,NA
728,"SSD","South Sudan",NA,NA,NA,NA,NA,NA,NA,NA,NA,NA,NA,NA,NA,NA,NA,NA,NA,NA,NA,NA,NA,NA,NA,NA,NA,NA,NA,NA,NA,NA,NA,NA,NA
724,"ESP","Spain",65130,86410,104750,137840,158670,1415000,1640000,1860000,2067000,1920000,1778000,2956000,3811000,3770000,3730000,3685000,3646000,3496000,3898000,3811000,4175000,3782000,4277000,3284000,3526000,3892000,3945000,4033000,4009000,4379000,4489000,4262000,NA
144,"LKA","Sri Lanka",NA,NA,NA,NA,NA,NA,NA,NA,NA,NA,NA,NA,NA,NA,NA,NA,NA,NA,NA,NA,NA,NA,NA,NA,NA,NA,NA,NA,NA,NA,NA,NA,NA
275,"PSE","State of Palestine",NA,NA,NA,NA,NA,NA,NA,NA,NA,NA,NA,11000,11000,12000,12000,12000,13000,13000,13000,14000,14000,15000,15000,15600.0003814697,16000,16500,NA,NA,NA,36960,NA,119820,NA
729,"SDN","Sudan",NA,NA,NA,NA,NA,NA,NA,NA,NA,NA,NA,NA,NA,NA,NA,NA,NA,NA,NA,NA,NA,NA,NA,NA,NA,NA,NA,NA,NA,NA,NA,NA,NA
740,"SUR","Suriname",NA,NA,NA,NA,NA,NA,NA,NA,NA,NA,NA,NA,NA,NA,NA,NA,NA,NA,NA,NA,NA,NA,NA,NA,NA,NA,NA,4812,3803,3225,NA,NA,NA
752,"SWE","Sweden",4e+05,NA,NA,NA,637000,685000,810000,923000,1046000,1094000,1091000,1135000,1295000,1314000,1385000,1474000,1658000,1591000,1520000,1604000,1414000,1408000,1405000,1445000,1420000,1418000,1435000,1426000,1320000,1497000,898000,867000,NA
756,"CHE","Switzerland",910600,951200,986680,1020230,1160510,1240000,1315000,1349000,1406000,1445000,1500000,1584000,1578000,1596000,1640000,1730000,1785000,1855000,1893000,1871000,1878000,1895000,1939000,1919000,1960000,1924000,1874000,1846000,1856000,1817000,1816000,1862000,NA
760,"SYR","Syria",NA,NA,NA,NA,NA,NA,NA,NA,NA,NA,NA,NA,NA,NA,NA,NA,NA,NA,NA,NA,NA,NA,NA,NA,NA,NA,NA,NA,NA,NA,NA,NA,NA
158,"TWN","Taiwan",NA,NA,NA,NA,NA,NA,NA,NA,NA,NA,NA,NA,NA,NA,NA,NA,NA,NA,NA,NA,NA,NA,NA,NA,NA,NA,NA,NA,NA,NA,NA,NA,NA
762,"TJK","Tajikistan",NA,NA,NA,NA,NA,NA,NA,NA,NA,NA,NA,NA,NA,NA,NA,NA,NA,NA,NA,NA,NA,NA,NA,NA,NA,NA,NA,NA,NA,NA,NA,NA,NA
834,"TZA","Tanzania",NA,NA,NA,NA,NA,NA,NA,NA,NA,NA,NA,NA,NA,NA,500,1560,2550,2600,2650,2580,2640,2580,2660,2680,2590,3291.2,NA,NA,NA,NA,NA,NA,NA
764,"THA","Thailand",NA,NA,NA,NA,NA,NA,NA,NA,NA,NA,NA,NA,NA,NA,NA,NA,NA,NA,NA,NA,NA,NA,NA,NA,5020000,4780000,5161000,6156000,7310000,8709000,4360000,4e+06,NA
626,"TLS","Timor-Leste",NA,NA,NA,NA,NA,NA,NA,NA,NA,NA,NA,NA,NA,NA,NA,NA,NA,NA,NA,NA,NA,NA,NA,NA,NA,NA,NA,NA,NA,NA,NA,NA,NA
768,"TGO","Togo",NA,NA,NA,NA,NA,NA,NA,NA,NA,NA,NA,NA,NA,NA,NA,NA,NA,NA,NA,NA,NA,2000,4000,NA,NA,NA,NA,NA,NA,NA,NA,NA,NA
776,"TON","Tonga",NA,NA,NA,NA,NA,NA,NA,NA,NA,NA,NA,NA,NA,NA,NA,NA,NA,NA,NA,NA,NA,NA,NA,NA,NA,NA,NA,NA,NA,NA,NA,NA,NA
780,"TTO","Trinidad and Tobago",NA,NA,NA,NA,NA,NA,NA,NA,NA,NA,NA,NA,NA,NA,NA,NA,NA,NA,NA,NA,NA,NA,NA,NA,NA,NA,NA,NA,NA,NA,NA,NA,NA
788,"TUN","Tunisia",NA,NA,NA,NA,NA,NA,NA,NA,NA,NA,NA,800.000011920929,NA,NA,NA,NA,NA,NA,NA,NA,NA,NA,NA,NA,NA,NA,NA,NA,NA,NA,NA,NA,NA
792,"TUR","Turkiye",NA,NA,NA,NA,0,NA,NA,NA,NA,NA,NA,NA,NA,NA,NA,NA,NA,NA,NA,NA,140785,NA,173371,NA,NA,NA,2946000,2982000,3848000,3902000,4146000,NA,NA
795,"TKM","Turkmenistan",NA,NA,NA,NA,NA,NA,NA,NA,NA,NA,NA,NA,NA,NA,NA,NA,NA,NA,NA,NA,NA,NA,NA,NA,NA,NA,NA,NA,NA,NA,NA,NA,NA
796,"TCA","Turks and Caicos Islands",NA,NA,NA,NA,NA,NA,NA,NA,NA,NA,NA,NA,NA,NA,NA,NA,NA,NA,NA,NA,NA,NA,NA,NA,NA,NA,NA,NA,NA,NA,NA,NA,NA
798,"TUV","Tuvalu",NA,NA,NA,NA,NA,NA,NA,NA,NA,NA,NA,NA,NA,NA,NA,NA,NA,NA,NA,NA,NA,NA,NA,NA,NA,NA,NA,NA,NA,NA,NA,NA,NA
800,"UGA","Uganda",NA,NA,NA,NA,NA,NA,NA,NA,NA,NA,NA,NA,NA,NA,NA,NA,NA,NA,NA,NA,NA,NA,NA,NA,NA,NA,NA,NA,NA,NA,NA,NA,NA
804,"UKR","Ukraine",537299.987792969,NA,NA,NA,NA,NA,NA,NA,NA,NA,NA,NA,NA,NA,NA,NA,NA,87800.0030517578,91000,166600.006103516,139600.006103516,74500,57400.0015258789,9399.99961853027,3799.99995231628,4000,6500,16500,16700,100,NA,NA,NA
784,"ARE","United Arab Emirates",NA,NA,NA,NA,NA,NA,NA,NA,NA,NA,NA,NA,NA,NA,NA,NA,NA,NA,NA,565000,NA,738902.404785156,686857.666015625,507144.714355469,1001916.29,1343399.739,1105473.63122645,1350727.9959908,1458499.75968152,1159694.35691184,266355.544712938,NA,NA
826,"GBR","United Kingdom",7e+05,NA,NA,NA,NA,2020000,1922000,2265000,2763000,3421000,2836000,3181000,3733000,4698000,5657000,6362000,7107000,7680000,7775000,7890340,8068620,8134030,8173096,8460000,8466000,8558000,8640000,8324000,8386000,8309000,8028000,8168000,NA
840,"USA","United States of America",26345000,29511000,32677000,34310000,39245000,41867000,42756000,43472000,44162000,46085000,48090000,48199000,49197000,50839000,52707000,53742000,56118000,57243000,56209000,56273000,59203000,60500000,59393000,58913000,60010000,61289000,62178000,60763000,62677000,NA,NA,NA,NA
858,"URY","Uruguay",NA,NA,NA,NA,NA,NA,NA,NA,NA,NA,NA,NA,NA,NA,NA,NA,NA,NA,NA,NA,NA,NA,NA,NA,NA,NA,NA,NA,NA,NA,NA,NA,NA
860,"UZB","Uzbekistan",NA,NA,NA,NA,NA,NA,NA,NA,NA,NA,NA,NA,NA,NA,NA,NA,NA,NA,NA,NA,NA,NA,NA,NA,NA,NA,NA,NA,NA,NA,NA,NA,NA
548,"VUT","Vanuatu",NA,NA,NA,NA,NA,NA,NA,NA,NA,NA,NA,NA,NA,NA,NA,NA,NA,NA,NA,NA,NA,NA,NA,NA,NA,NA,NA,NA,NA,NA,NA,NA,NA
862,"VEN","Venezuela",NA,NA,NA,NA,NA,NA,NA,NA,NA,NA,NA,NA,NA,NA,NA,NA,NA,NA,NA,NA,NA,NA,NA,NA,NA,NA,NA,NA,NA,NA,NA,NA,NA
704,"VNM","Viet Nam",NA,NA,NA,NA,NA,NA,NA,NA,NA,NA,NA,NA,NA,NA,NA,NA,NA,NA,NA,NA,NA,NA,NA,NA,NA,NA,NA,NA,NA,NA,NA,NA,NA
876,"WLF","Wallis and Futuna Islands",NA,NA,NA,NA,NA,NA,NA,NA,NA,NA,NA,NA,NA,NA,NA,NA,NA,NA,NA,NA,NA,NA,NA,NA,NA,NA,NA,NA,NA,NA,NA,NA,NA
732,"ESH","Western Sahara",NA,NA,NA,NA,NA,NA,NA,NA,NA,NA,NA,NA,NA,NA,NA,NA,NA,NA,NA,NA,NA,NA,NA,NA,NA,NA,NA,NA,NA,NA,NA,NA,NA
887,"YEM","Yemen",NA,NA,NA,NA,NA,NA,NA,NA,NA,NA,NA,NA,NA,NA,NA,NA,NA,NA,NA,NA,NA,NA,NA,NA,NA,NA,NA,NA,NA,NA,NA,NA,NA
894,"ZMB","Zambia",NA,NA,NA,NA,NA,NA,NA,NA,NA,NA,NA,NA,NA,NA,NA,NA,NA,NA,NA,NA,NA,NA,NA,NA,NA,NA,NA,NA,NA,NA,NA,NA,NA
716,"ZWE","Zimbabwe",NA,NA,NA,NA,NA,NA,NA,NA,NA,NA,NA,NA,NA,NA,NA,NA,NA,NA,NA,NA,NA,NA,NA,NA,NA,NA,41139.18,41939.56,39171.6982005398,NA,NA,NA,NA
